"index","Order ID","Date","Status","Fulfilment","Sales-Channel","ship-service-level","Style","SKU","Category","Size","ASIN","Courier Status","Qty","currency","Amount","ship-city","ship-state","ship-postal-code","ship-country","promotion-ids","B2B","fulfilled-by","Unnamed"
55650.0,"404-6270350-3977169","05-26-22",Shipped - Returned to Seller,Merchant,Amazon.in,Standard,JNE3721,JNE3721-KR-S,kurta,S,B099FC46Q8,Shipped,"1",INR,301.0,MUMBAI,MAHARASHTRA,"400071.0",IN,"Amazon PLCC Free-Financing Universal Merchant AAT-WNKTBO3K27EJC,Amazon PLCC Free-Financing Universal Merchant AAT-QX3UCCJESKPA2,Amazon PLCC Free-Financing Universal Merchant AAT-5QQ7BIYYQEDN2,Amazon PLCC Free-Financing Universal Merchant AAT-DSJ2QRXXWXVMQ,Amazon PLCC Free-Financing Universal Merchant AAT-CXJHMC2YJUK76,Amazon PLCC Free-Financing Universal Merchant AAT-SL3Y2YRMAUNFC,Amazon PLCC Free-Financing Universal Merchant AAT-CC4FAVTYR4X7C,Amazon PLCC Free-Financing Universal Merchant AAT-FYWJCQHU2XQ2U,Amazon PLCC Free-Financing Universal Merchant AAT-EOKPWFWYW7Y6I,Amazon PLCC Free-Financing Universal Merchant AAT-URPEBMPS7TSPE,Amazon PLCC Free-Financing Universal Merchant AAT-CGST27LSHGN2E,Amazon PLCC Free-Financing Universal Merchant AAT-FUBPFORDWEVT2,Amazon PLCC Free-Financing Universal Merchant AAT-CAK4QZ7KEFRQU,Amazon PLCC Free-Financing Universal Merchant AAT-YZJ5BRTPINRLK,Amazon PLCC Free-Financing Universal Merchant AAT-SNWJTEAZA2JRI,Amazon PLCC Free-Financing Universal Merchant AAT-BBJ6FVTP3QKBO,Amazon PLCC Free-Financing Universal Merchant AAT-TNYBHEAO7HOHO,Amazon PLCC Free-Financing Universal Merchant AAT-BRSZZ45H6MHAO,Amazon PLCC Free-Financing Universal Merchant AAT-MKLXOOZWQL7GO,Amazon PLCC Free-Financing Universal Merchant AAT-CB7UNXEXGIJTC,Amazon PLCC Free-Financing Universal Merchant #MP-gzasho-1593152694811,Amazon PLCC Free-Financing Universal Merchant AAT-WLBA4GZ52EAH4,Amazon PLCC Free-Financing Universal Merchant AAT-QMFZ3M7T5NPDS,Amazon PLCC Free-Financing Universal Merchant #MP-pmilan-1601980554292",FALSE,Easy Ship,FALSE
55651.0,"404-1876429-0041914","05-26-22",Shipped,Amazon,Amazon.in,Expedited,SET345,SET345-KR-NP-S,Set,S,B09KXV6T8Q,Shipped,"1",INR,641.0,MUMBAI,MAHARASHTRA,"400071.0",IN,"",FALSE,"",FALSE
55652.0,"404-1876429-0041914","05-26-22",Shipped,Amazon,Amazon.in,Expedited,SET286,SET286-KR-NP-S,Set,S,B099NJCVDY,Shipped,"1",INR,666.0,MUMBAI,MAHARASHTRA,"400071.0",IN,"",FALSE,"",FALSE
55653.0,"404-9325101-3036346","05-26-22",Cancelled,Amazon,Amazon.in,Expedited,SET145,SET145-KR-NP-XL,Set,XL,B0822V3DMF,Cancelled,"0","",,NEW TOWN,WEST BENGAL,"700136.0",IN,"",FALSE,"",FALSE
55654.0,"406-7777144-1880346","05-26-22",Shipped,Amazon,Amazon.in,Expedited,JNE3865,JNE3865-TP-M,Top,M,B09TZT28S2,Shipped,"1",INR,513.0,MUMBAI,MAHARASHTRA,"400066.0",IN,"",FALSE,"",FALSE
55655.0,"402-8237426-3290737","05-26-22",Shipped,Amazon,Amazon.in,Expedited,JNE3739,JNE3739-KR-XXXL,kurta,"3XL",B099NPSHJ2,Shipped,"1",INR,459.0,BENGALURU,KARNATAKA,"560085.0",IN,"",FALSE,"",FALSE
55656.0,"404-7734658-0773937","05-26-22",Shipped - Delivered to Buyer,Merchant,Amazon.in,Standard,NW012,NW012-TP-PJ-XXXL,Set,"3XL",B0922TJXMK,Shipped,"1",INR,537.0,JAMMU,JAMMU & KASHMIR,"180001.0",IN,"Amazon PLCC Free-Financing Universal Merchant AAT-WNKTBO3K27EJC,Amazon PLCC Free-Financing Universal Merchant AAT-QX3UCCJESKPA2,Amazon PLCC Free-Financing Universal Merchant AAT-5QQ7BIYYQEDN2,Amazon PLCC Free-Financing Universal Merchant AAT-DSJ2QRXXWXVMQ,Amazon PLCC Free-Financing Universal Merchant AAT-CXJHMC2YJUK76,Amazon PLCC Free-Financing Universal Merchant AAT-SL3Y2YRMAUNFC,Amazon PLCC Free-Financing Universal Merchant AAT-CC4FAVTYR4X7C,Amazon PLCC Free-Financing Universal Merchant AAT-FYWJCQHU2XQ2U,Amazon PLCC Free-Financing Universal Merchant AAT-EOKPWFWYW7Y6I,Amazon PLCC Free-Financing Universal Merchant AAT-URPEBMPS7TSPE,Amazon PLCC Free-Financing Universal Merchant AAT-5ZEB2OGNZ32MC,Amazon PLCC Free-Financing Universal Merchant AAT-FUBPFORDWEVT2,Amazon PLCC Free-Financing Universal Merchant AAT-CAK4QZ7KEFRQU,Amazon PLCC Free-Financing Universal Merchant AAT-YZJ5BRTPINRLK,Amazon PLCC Free-Financing Universal Merchant AAT-SNWJTEAZA2JRI,Amazon PLCC Free-Financing Universal Merchant AAT-BBJ6FVTP3QKBO,Amazon PLCC Free-Financing Universal Merchant AAT-TNYBHEAO7HOHO,Amazon PLCC Free-Financing Universal Merchant AAT-BRSZZ45H6MHAO,Amazon PLCC Free-Financing Universal Merchant AAT-MKLXOOZWQL7GO,Amazon PLCC Free-Financing Universal Merchant AAT-CB7UNXEXGIJTC,Amazon PLCC Free-Financing Universal Merchant #MP-gzasho-1593152694811,Amazon PLCC Free-Financing Universal Merchant AAT-WLBA4GZ52EAH4,Amazon PLCC Free-Financing Universal Merchant AAT-QMFZ3M7T5NPDS,Amazon PLCC Free-Financing Universal Merchant #MP-pmilan-1601980554292",FALSE,Easy Ship,FALSE
55657.0,"404-7734658-0773937","05-26-22",Shipped - Delivered to Buyer,Merchant,Amazon.in,Standard,NW005,NW005-ST-PJ-XXXL,Set,"3XL",B0922RYWBL,Shipped,"1",INR,579.0,JAMMU,JAMMU & KASHMIR,"180001.0",IN,"Amazon PLCC Free-Financing Universal Merchant AAT-WNKTBO3K27EJC,Amazon PLCC Free-Financing Universal Merchant AAT-QX3UCCJESKPA2,Amazon PLCC Free-Financing Universal Merchant AAT-5QQ7BIYYQEDN2,Amazon PLCC Free-Financing Universal Merchant AAT-DSJ2QRXXWXVMQ,Amazon PLCC Free-Financing Universal Merchant AAT-CXJHMC2YJUK76,Amazon PLCC Free-Financing Universal Merchant AAT-SL3Y2YRMAUNFC,Amazon PLCC Free-Financing Universal Merchant AAT-CC4FAVTYR4X7C,Amazon PLCC Free-Financing Universal Merchant AAT-FYWJCQHU2XQ2U,Amazon PLCC Free-Financing Universal Merchant AAT-EOKPWFWYW7Y6I,Amazon PLCC Free-Financing Universal Merchant AAT-URPEBMPS7TSPE,Amazon PLCC Free-Financing Universal Merchant AAT-5ZEB2OGNZ32MC,Amazon PLCC Free-Financing Universal Merchant AAT-FUBPFORDWEVT2,Amazon PLCC Free-Financing Universal Merchant AAT-CAK4QZ7KEFRQU,Amazon PLCC Free-Financing Universal Merchant AAT-YZJ5BRTPINRLK,Amazon PLCC Free-Financing Universal Merchant AAT-SNWJTEAZA2JRI,Amazon PLCC Free-Financing Universal Merchant AAT-BBJ6FVTP3QKBO,Amazon PLCC Free-Financing Universal Merchant AAT-TNYBHEAO7HOHO,Amazon PLCC Free-Financing Universal Merchant AAT-BRSZZ45H6MHAO,Amazon PLCC Free-Financing Universal Merchant AAT-MKLXOOZWQL7GO,Amazon PLCC Free-Financing Universal Merchant AAT-CB7UNXEXGIJTC,Amazon PLCC Free-Financing Universal Merchant #MP-gzasho-1593152694811,Amazon PLCC Free-Financing Universal Merchant AAT-WLBA4GZ52EAH4,Amazon PLCC Free-Financing Universal Merchant AAT-QMFZ3M7T5NPDS,Amazon PLCC Free-Financing Universal Merchant #MP-pmilan-1601980554292",FALSE,Easy Ship,FALSE
55658.0,"406-9897037-0005910","05-26-22",Shipped,Amazon,Amazon.in,Expedited,J0009,J0009-SKD-L,Set,L,B0894WL9SH,Shipped,"1",INR,854.0,New Delhi,DELHI,"110088.0",IN,IN Core Free Shipping 2015/04/08 23-48-5-108,FALSE,"",FALSE
55659.0,"404-2149331-3725159","05-26-22",Shipped,Amazon,Amazon.in,Expedited,SET324,SET324-KR-NP-XL,Set,XL,B09NQ4QS13,Shipped,"1",INR,635.0,HYDERABAD,TELANGANA,"500050.0",IN,IN Core Free Shipping 2015/04/08 23-48-5-108,FALSE,"",FALSE
55660.0,"403-1322192-6686764","05-26-22",Shipped,Amazon,Amazon.in,Expedited,JNE3399,JNE3399-KR-XL,kurta,XL,B082W8B28G,Shipped,"1",INR,469.0,PUNNAPARA,KERALA,"688003.0",IN,IN Core Free Shipping 2015/04/08 23-48-5-108,FALSE,"",FALSE
55661.0,"403-5307404-0279530","05-26-22",Shipped,Amazon,Amazon.in,Expedited,NW034,NW034-TP-PJ-M,Set,M,B09M74WF7C,Shipped,"1",INR,613.0,PUNE,MAHARASHTRA,"411038.0",IN,"",FALSE,"",FALSE
55736.0,"402-6058715-4793962","05-26-22",Shipped,Amazon,Amazon.in,Expedited,J0341,J0341-DR-XXXL,Western Dress,"3XL",B099NSQP4Z,Shipped,"1",INR,885.0,THANE,MAHARASHTRA,"401107.0",IN,IN Core Free Shipping 2015/04/08 23-48-5-108,FALSE,"",FALSE
55737.0,"171-5055783-8435525","05-26-22",Shipped,Amazon,Amazon.in,Expedited,MEN5006,MEN5006-KR-XXL,kurta,XXL,B08YYTB4R3,Shipped,"1",INR,665.0,KOLHAPUR,MAHARASHTRA,"416005.0",IN,IN Core Free Shipping 2015/04/08 23-48-5-108,FALSE,"",FALSE
55738.0,"403-1030478-1262707","05-26-22",Shipped,Amazon,Amazon.in,Expedited,J0402,J0402-DR-XS,Western Dress,XS,B09SDY165N,Shipped,"1",INR,688.0,SURAT,Gujarat,"395001.0",IN,"",FALSE,"",FALSE
55662.0,"403-2714610-0445920","05-26-22",Shipped - Returned to Seller,Merchant,Amazon.in,Standard,NW012,NW012-TP-PJ-M,Set,M,B0922QTZQ5,Shipped,"1",INR,537.0,PUNE,MAHARASHTRA,"411038.0",IN,"Amazon PLCC Free-Financing Universal Merchant AAT-WNKTBO3K27EJC,Amazon PLCC Free-Financing Universal Merchant AAT-QX3UCCJESKPA2,Amazon PLCC Free-Financing Universal Merchant AAT-5QQ7BIYYQEDN2,Amazon PLCC Free-Financing Universal Merchant AAT-DSJ2QRXXWXVMQ,Amazon PLCC Free-Financing Universal Merchant AAT-CXJHMC2YJUK76,Amazon PLCC Free-Financing Universal Merchant AAT-SL3Y2YRMAUNFC,Amazon PLCC Free-Financing Universal Merchant AAT-CC4FAVTYR4X7C,Amazon PLCC Free-Financing Universal Merchant AAT-FYWJCQHU2XQ2U,Amazon PLCC Free-Financing Universal Merchant AAT-CXNSLNBROFDW4,Amazon PLCC Free-Financing Universal Merchant AAT-WSJLDN3X7KEMO,Amazon PLCC Free-Financing Universal Merchant AAT-VL6FGQVGQVXUS,Amazon PLCC Free-Financing Universal Merchant AAT-EOKPWFWYW7Y6I,Amazon PLCC Free-Financing Universal Merchant AAT-URPEBMPS7TSPE,Amazon PLCC Free-Financing Universal Merchant AAT-5ZEB2OGNZ32MC,Amazon PLCC Free-Financing Universal Merchant AAT-5VXFLMD6EKIFC,Amazon PLCC Free-Financing Universal Merchant AAT-FUBPFORDWEVT2,Amazon PLCC Free-Financing Universal Merchant AAT-CAK4QZ7KEFRQU,Amazon PLCC Free-Financing Universal Merchant AAT-YZJ5BRTPINRLK,Amazon PLCC Free-Financing Universal Merchant AAT-SNWJTEAZA2JRI,Amazon PLCC Free-Financing Universal Merchant AAT-BBJ6FVTP3QKBO,Amazon PLCC Free-Financing Universal Merchant AAT-BRSZZ45H6MHAO,Amazon PLCC Free-Financing Universal Merchant AAT-MKLXOOZWQL7GO,Amazon PLCC Free-Financing Universal Merchant AAT-CB7UNXEXGIJTC,Amazon PLCC Free-Financing Universal Merchant #MP-gzasho-1593152694811,Amazon PLCC Free-Financing Universal Merchant AAT-WLBA4GZ52EAH4",FALSE,Easy Ship,FALSE
55663.0,"403-2465231-5974763","05-26-22",Shipped,Amazon,Amazon.in,Expedited,J0331,J0331-KR-XXXL,kurta,"3XL",B09PD63F81,Shipped,"1",INR,832.0,HYDERABAD,TELANGANA,"500084.0",IN,"",FALSE,"",FALSE
55664.0,"405-6479961-7465130","05-26-22",Shipped,Amazon,Amazon.in,Expedited,J0341,J0341-DR-S,Western Dress,S,B099NR7612,Shipped,"1",INR,885.0,KAKINADA,ANDHRA PRADESH,"533003.0",IN,IN Core Free Shipping 2015/04/08 23-48-5-108,FALSE,"",FALSE
55665.0,"408-3757766-2110712","05-26-22",Shipped,Amazon,Amazon.in,Expedited,J0004,J0004-SKD-XXXL,Set,"3XL",B0894X1Q3M,Shipped,"1",INR,1186.0,BANGALORE,KARNATAKA,"560078.0",IN,"",FALSE,"",FALSE
55666.0,"403-5787204-6647524","05-26-22",Shipped,Amazon,Amazon.in,Expedited,SET352,SET352-KR-NP-M,Set,M,B09KXT1W6F,Shipped,"1",INR,486.0,KOCHI,KERALA,"682011.0",IN,IN Core Free Shipping 2015/04/08 23-48-5-108,FALSE,"",FALSE
55667.0,"403-5787204-6647524","05-26-22",Shipped,Amazon,Amazon.in,Expedited,SET331,SET331-KR-NP-M,Set,M,B09NQ3TN2T,Shipped,"1",INR,641.0,KOCHI,KERALA,"682011.0",IN,IN Core Free Shipping 2015/04/08 23-48-5-108,FALSE,"",FALSE
55668.0,"405-1569534-1037915","05-26-22",Shipped,Amazon,Amazon.in,Expedited,JNE3373,JNE3373-KR-S,kurta,S,B082W7DFR9,Shipped,"1",INR,382.0,CHENNAI,TAMIL NADU,"600082.0",IN,IN Core Free Shipping 2015/04/08 23-48-5-108,FALSE,"",FALSE
55669.0,"405-2245366-1208359","05-26-22",Cancelled,Amazon,Amazon.in,Expedited,J0341,J0341-DR-S,Western Dress,S,B099NR7612,Cancelled,"0","",,KAKINADA,ANDHRA PRADESH,"533003.0",IN,"",FALSE,"",FALSE
55670.0,"403-7631287-4421960","05-26-22",Shipped,Amazon,Amazon.in,Expedited,JNE3764,JNE3764-KR-XXXL,kurta,"3XL",B09K3SSDSZ,Shipped,"1",INR,399.0,LUCKNOW,UTTAR PRADESH,"226016.0",IN,IN Core Free Shipping 2015/04/08 23-48-5-108,FALSE,"",FALSE
55671.0,"403-7631287-4421960","05-26-22",Shipped,Amazon,Amazon.in,Expedited,JNE3714,JNE3714-KR-XXXL,kurta,"3XL",B099FD9VJ2,Shipped,"1",INR,487.0,LUCKNOW,UTTAR PRADESH,"226016.0",IN,IN Core Free Shipping 2015/04/08 23-48-5-108,FALSE,"",FALSE
55672.0,"402-6492690-8485103","05-26-22",Cancelled,Amazon,Amazon.in,Expedited,J0117,J0117-TP-XXL,Top,XXL,B08N4XHHCQ,Cancelled,"0","",,KOLKATA,WEST BENGAL,"700063.0",IN,"",FALSE,"",FALSE
55673.0,"171-5976247-6961100","05-26-22",Cancelled,Amazon,Amazon.in,Expedited,JNE3777,JNE3777-KR-XL,kurta,XL,B09K3SLZ2C,Cancelled,"0","",,VADDAKKANKULAM,TAMIL NADU,"627116.0",IN,"",FALSE,"",FALSE
55674.0,"404-1178356-3981913","05-26-22",Shipped,Amazon,Amazon.in,Expedited,J0301,J0301-TP-XS,Top,XS,B099S9DRFV,Shipped,"1",INR,518.0,Ahmedabad,Gujarat,"380007.0",IN,IN Core Free Shipping 2015/04/08 23-48-5-108,FALSE,"",FALSE
55675.0,"406-6974325-8871522","05-26-22",Shipped,Amazon,Amazon.in,Expedited,SET286,SET286-KR-NP-XXXL,Set,"3XL",B099NK23VT,Shipped,"1",INR,666.0,HYDERABAD,TELANGANA,"500060.0",IN,"",FALSE,"",FALSE
55676.0,"405-3140833-2639505","05-26-22",Shipped,Amazon,Amazon.in,Expedited,JNE3373,JNE3373-KR-XXXL,kurta,"3XL",B082W7MZVQ,Shipped,"1",INR,382.0,HYDERABAD,TELANGANA,"500019.0",IN,IN Core Free Shipping 2015/04/08 23-48-5-108,FALSE,"",FALSE
55677.0,"403-4623703-1182705","05-26-22",Shipped,Amazon,Amazon.in,Expedited,SET398,SET398-KR-PP-XXL,Set,XXL,B09RP8WY5J,Shipped,"1",INR,1186.0,KOLKATA,WEST BENGAL,"700156.0",IN,IN Core Free Shipping 2015/04/08 23-48-5-108,FALSE,"",FALSE
55678.0,"406-4303543-2957920","05-26-22",Shipped,Amazon,Amazon.in,Expedited,J0119,J0119-TP-L,Top,L,B08RYQQD6Z,Shipped,"1",INR,574.0,Hyderabad,TELANGANA,"500049.0",IN,"",FALSE,"",FALSE
55679.0,"407-0493497-3496353","05-26-22",Cancelled,Amazon,Amazon.in,Expedited,JNE3440,JNE3440-KR-XL,kurta,XL,B081WPK66G,Cancelled,"0","",,KANPUR,UTTAR PRADESH,"208012.0",IN,"",FALSE,"",FALSE
55680.0,"171-4156217-8905128","05-26-22",Shipped,Amazon,Amazon.in,Expedited,J0230,J0230-SKD-M,Set,M,B08XNJG8B1,Shipped,"1",INR,1349.0,Agra,UTTAR PRADESH,"282010.0",IN,IN Core Free Shipping 2015/04/08 23-48-5-108,FALSE,"",FALSE
55681.0,"402-1320101-1705955","05-26-22",Shipped,Amazon,Amazon.in,Expedited,SET328,SET328-KR-NP-XL,Set,XL,B09K3F6Y89,Shipped,"1",INR,545.0,PIMPRI CHINCHWAD,MAHARASHTRA,"411034.0",IN,"",FALSE,"",FALSE
55682.0,"403-9252070-1233939","05-26-22",Shipped,Amazon,Amazon.in,Expedited,JNE3465,JNE3465-KR-XXL,kurta,XXL,B08BFT4ZKX,Shipped,"1",INR,523.0,KOLKATA,WEST BENGAL,"700040.0",IN,IN Core Free Shipping 2015/04/08 23-48-5-108,FALSE,"",FALSE
55683.0,"408-8184141-5340310","05-26-22",Shipped,Amazon,Amazon.in,Expedited,JNE3801,JNE3801-KR-XL,kurta,XL,B09SDYL6L1,Shipped,"1",INR,771.0,VASCO DA GAMA,GOA,"403801.0",IN,IN Core Free Shipping 2015/04/08 23-48-5-108,FALSE,"",FALSE
55684.0,"408-6727965-6193141","05-26-22",Cancelled,Merchant,Amazon.in,Standard,SET389,SET389-KR-NP-S,Set,S,B09KXVBD7Z,"","0","",,GHAZIABAD,UTTAR PRADESH,"201001.0",IN,"",FALSE,Easy Ship,FALSE
55685.0,"171-8422854-9793924","05-26-22",Shipped,Amazon,Amazon.in,Expedited,J0106,J0106-KR-M,Western Dress,M,B08PVTPCZ3,Shipped,"1",INR,999.0,BENGALURU,KARNATAKA,"560035.0",IN,"",FALSE,"",FALSE
55686.0,"171-3111697-2339568","05-26-22",Cancelled,Amazon,Amazon.in,Expedited,JNE3616,JNE3616-KR-XL,kurta,XL,B097ZZLL9G,Unshipped,"1",INR,320.0,VADDAKKANKULAM,TAMIL NADU,"627116.0",IN,"",FALSE,"",FALSE
55687.0,"406-0115271-4686756","05-26-22",Shipped,Amazon,Amazon.in,Expedited,SET389,SET389-KR-NP-XXL,Set,XXL,B09KXTVXM9,Shipped,"1",INR,648.0,NEW DELHI,DELHI,"110089.0",IN,IN Core Free Shipping 2015/04/08 23-48-5-108,FALSE,"",FALSE
55688.0,"408-1227930-2046761","05-26-22",Cancelled,Amazon,Amazon.in,Expedited,SET291,SET291-KR-PP-L,Set,L,B099NJKJ54,Unshipped,"1",INR,605.0,New Delhi,DELHI,"110063.0",IN,"",FALSE,"",FALSE
55689.0,"408-1227930-2046761","05-26-22",Cancelled,Amazon,Amazon.in,Expedited,JNE3810,JNE3810-KR-M,kurta,M,B09RKCK42L,Unshipped,"1",INR,587.0,New Delhi,DELHI,"110063.0",IN,"",FALSE,"",FALSE
55696.0,"405-8038982-0601927","05-26-22",Shipped - Delivered to Buyer,Merchant,Amazon.in,Standard,J0157,J0157-DR-S,Western Dress,S,B098P3LXT1,Shipped,"1",INR,690.0,KOLKATA,WEST BENGAL,"700030.0",IN,"Amazon PLCC Free-Financing Universal Merchant AAT-WNKTBO3K27EJC,Amazon PLCC Free-Financing Universal Merchant AAT-QX3UCCJESKPA2,Amazon PLCC Free-Financing Universal Merchant AAT-5QQ7BIYYQEDN2,Amazon PLCC Free-Financing Universal Merchant AAT-DSJ2QRXXWXVMQ,Amazon PLCC Free-Financing Universal Merchant AAT-CXJHMC2YJUK76,Amazon PLCC Free-Financing Universal Merchant AAT-SL3Y2YRMAUNFC,Amazon PLCC Free-Financing Universal Merchant AAT-CC4FAVTYR4X7C,Amazon PLCC Free-Financing Universal Merchant AAT-FYWJCQHU2XQ2U,Amazon PLCC Free-Financing Universal Merchant AAT-EOKPWFWYW7Y6I,Amazon PLCC Free-Financing Universal Merchant AAT-URPEBMPS7TSPE,Amazon PLCC Free-Financing Universal Merchant AAT-5ZEB2OGNZ32MC,Amazon PLCC Free-Financing Universal Merchant AAT-ZE7TVXRI2VMF4,Amazon PLCC Free-Financing Universal Merchant AAT-BRSZZ45H6MHAO,Amazon PLCC Free-Financing Universal Merchant AAT-MKLXOOZWQL7GO,Amazon PLCC Free-Financing Universal Merchant AAT-CB7UNXEXGIJTC,Amazon PLCC Free-Financing Universal Merchant #MP-gzasho-1593152694811,Amazon PLCC Free-Financing Universal Merchant AAT-WLBA4GZ52EAH4,Amazon PLCC Free-Financing Universal Merchant #MP-pmilan-1601980554292",FALSE,Easy Ship,FALSE
55697.0,"405-5642713-2585132","05-26-22",Cancelled,Amazon,Amazon.in,Expedited,SET332,SET332-KR-PP-XL,Set,XL,B09NQ4HG4J,Unshipped,"1",INR,549.0,HYDERABAD,TELANGANA,"500084.0",IN,"",FALSE,"",FALSE
55698.0,"408-9183310-1504360","05-26-22",Shipped,Amazon,Amazon.in,Expedited,JNE3515,JNE3515-KR-XXL,kurta,XXL,B09812HV48,Shipped,"1",INR,469.0,RAJKOT,Gujarat,"360004.0",IN,"",FALSE,"",FALSE
55699.0,"407-1098575-0045111","05-26-22",Shipped,Amazon,Amazon.in,Expedited,SET345,SET345-KR-NP-S,Set,S,B09KXV6T8Q,Shipped,"1",INR,641.0,MUMBAI,MAHARASHTRA,"400092.0",IN,"",FALSE,"",FALSE
55700.0,"407-5022314-4877146","05-26-22",Shipped,Amazon,Amazon.in,Expedited,JNE3567,JNE3567-KR-M,kurta,M,B08KRXV1QR,Shipped,"1",INR,399.0,Greater Noida,UTTAR PRADESH,"201308.0",IN,IN Core Free Shipping 2015/04/08 23-48-5-108,FALSE,"",FALSE
55701.0,"171-2230718-7545955","05-26-22",Shipped,Amazon,Amazon.in,Expedited,JNE3405,JNE3405-KR-XXL,kurta,XXL,B081WSL2JS,Shipped,"1",INR,435.0,MARIHAN,UTTAR PRADESH,"231309.0",IN,"",FALSE,"",FALSE
55702.0,"405-5476841-3273121","05-26-22",Shipped,Amazon,Amazon.in,Expedited,SET364,SET364-KR-NP-M,Set,M,B09QJ4HQ1G,Shipped,"1",INR,1338.0,PUNE,MAHARASHTRA,"412207.0",IN,"",FALSE,"",FALSE
55703.0,"408-9152568-0990733","05-26-22",Cancelled,Merchant,Amazon.in,Standard,J0041,J0041-SET-XL,Set,XL,B089G1ZNLX,"","0","",,PONNANI,KERALA,"679586.0",IN,"",FALSE,Easy Ship,FALSE
55704.0,"404-7788564-0550713","05-26-22",Shipped - Delivered to Buyer,Merchant,Amazon.in,Standard,J0150,J0150-KR-S,kurta,S,B08N19XG53,Shipped,"1",INR,399.0,Mahilpur,PUNJAB,"146107.0",IN,"Amazon PLCC Free-Financing Universal Merchant AAT-WNKTBO3K27EJC,Amazon PLCC Free-Financing Universal Merchant AAT-QX3UCCJESKPA2,Amazon PLCC Free-Financing Universal Merchant AAT-5QQ7BIYYQEDN2,Amazon PLCC Free-Financing Universal Merchant AAT-DSJ2QRXXWXVMQ,Amazon PLCC Free-Financing Universal Merchant AAT-CXJHMC2YJUK76,Amazon PLCC Free-Financing Universal Merchant AAT-CC4FAVTYR4X7C,Amazon PLCC Free-Financing Universal Merchant AAT-FYWJCQHU2XQ2U,Amazon PLCC Free-Financing Universal Merchant AAT-WSJLDN3X7KEMO,Amazon PLCC Free-Financing Universal Merchant AAT-VL6FGQVGQVXUS,Amazon PLCC Free-Financing Universal Merchant AAT-EOKPWFWYW7Y6I,Amazon PLCC Free-Financing Universal Merchant AAT-URPEBMPS7TSPE,Amazon PLCC Free-Financing Universal Merchant AAT-ZE7TVXRI2VMF4,Amazon PLCC Free-Financing Universal Merchant AAT-5VXFLMD6EKIFC,Amazon PLCC Free-Financing Universal Merchant AAT-BRSZZ45H6MHAO,Amazon PLCC Free-Financing Universal Merchant AAT-MKLXOOZWQL7GO,Amazon PLCC Free-Financing Universal Merchant AAT-CB7UNXEXGIJTC,Amazon PLCC Free-Financing Universal Merchant #MP-gzasho-1593152694811,Amazon PLCC Free-Financing Universal Merchant AAT-WLBA4GZ52EAH4",FALSE,Easy Ship,FALSE
55705.0,"408-0513551-4990757","05-26-22",Shipped,Amazon,Amazon.in,Expedited,JNE3389,JNE3389-KR-A-XS,kurta,XS,B083SN3D8R,Shipped,"1",INR,452.0,NOIDA,UTTAR PRADESH,"201305.0",IN,"",FALSE,"",FALSE
55706.0,"402-8411253-8726711","05-26-22",Shipped,Amazon,Amazon.in,Expedited,JNE3334,JNE3334-KR-M,kurta,M,B07S8WG31H,Shipped,"1",INR,318.0,SEETHANAGARAM,ANDHRA PRADESH,"533287.0",IN,"",FALSE,"",FALSE
55707.0,"403-6350427-4639548","05-26-22",Shipped,Amazon,Amazon.in,Expedited,SET248,SET248-KR-NP-XXXL,Set,"3XL",B0983F33FL,Shipped,"1",INR,612.0,Dera Bassi,PUNJAB,"140507.0",IN,IN Core Free Shipping 2015/04/08 23-48-5-108,FALSE,"",FALSE
55708.0,"403-6350427-4639548","05-26-22",Shipped,Amazon,Amazon.in,Expedited,J0009,J0009-SKD-XXXL,Set,"3XL",B0894VM6TP,Shipped,"1",INR,854.0,Dera Bassi,PUNJAB,"140507.0",IN,IN Core Free Shipping 2015/04/08 23-48-5-108,FALSE,"",FALSE
55709.0,"403-3345595-5882740","05-26-22",Shipped - Delivered to Buyer,Merchant,Amazon.in,Standard,SET332,SET332-KR-PP-XXXL,Set,"3XL",B09NQ56TWR,Shipped,"1",INR,549.0,Dera Bassi,PUNJAB,"140507.0",IN,"Amazon PLCC Free-Financing Universal Merchant AAT-WNKTBO3K27EJC,Amazon PLCC Free-Financing Universal Merchant AAT-QX3UCCJESKPA2,Amazon PLCC Free-Financing Universal Merchant AAT-5QQ7BIYYQEDN2,Amazon PLCC Free-Financing Universal Merchant AAT-DSJ2QRXXWXVMQ,Amazon PLCC Free-Financing Universal Merchant AAT-CXJHMC2YJUK76,Amazon PLCC Free-Financing Universal Merchant AAT-CC4FAVTYR4X7C,Amazon PLCC Free-Financing Universal Merchant AAT-FYWJCQHU2XQ2U,Amazon PLCC Free-Financing Universal Merchant AAT-EOKPWFWYW7Y6I,Amazon PLCC Free-Financing Universal Merchant AAT-URPEBMPS7TSPE,Amazon PLCC Free-Financing Universal Merchant AAT-ZE7TVXRI2VMF4,Amazon PLCC Free-Financing Universal Merchant AAT-BRSZZ45H6MHAO,Amazon PLCC Free-Financing Universal Merchant AAT-MKLXOOZWQL7GO,Amazon PLCC Free-Financing Universal Merchant AAT-CB7UNXEXGIJTC,Amazon PLCC Free-Financing Universal Merchant #MP-gzasho-1593152694811,Amazon PLCC Free-Financing Universal Merchant AAT-WLBA4GZ52EAH4",FALSE,Easy Ship,FALSE
55710.0,"406-1719755-6244368","05-26-22",Shipped,Amazon,Amazon.in,Expedited,SET356,SET356-KR-NP-XXL,Set,XXL,B09QJ3RNNY,Shipped,"1",INR,999.0,BAREILLY,UTTAR PRADESH,"243001.0",IN,IN Core Free Shipping 2015/04/08 23-48-5-108,FALSE,"",FALSE
55711.0,"171-0285246-0179526","05-26-22",Shipped,Amazon,Amazon.in,Expedited,JNE3718,JNE3718-KR-S,kurta,S,B099FC7FSQ,Shipped,"1",INR,487.0,BENGALURU,KARNATAKA,"560098.0",IN,"",FALSE,"",FALSE
55712.0,"408-4150129-7429907","05-26-22",Shipped - Delivered to Buyer,Merchant,Amazon.in,Standard,SET393,SET393-KR-NP-S,Set,S,B09QJ5LYDH,Shipped,"1",INR,0.0,NEW DELHI,DELHI,"110025.0",IN,"Amazon PLCC Free-Financing Universal Merchant AAT-5QQ7BIYYQEDN2,Amazon PLCC Free-Financing Universal Merchant AAT-DSJ2QRXXWXVMQ,Amazon PLCC Free-Financing Universal Merchant AAT-FYWJCQHU2XQ2U,Amazon PLCC Free-Financing Universal Merchant AAT-ZE7TVXRI2VMF4,Amazon PLCC Free-Financing Universal Merchant #MP-gzasho-1593152694811",FALSE,Easy Ship,FALSE
55739.0,"408-8081957-5284338","05-26-22",Shipped,Amazon,Amazon.in,Expedited,JNE3801,JNE3801-KR-M,kurta,M,B09SDZ4FH9,Shipped,"1",INR,771.0,BENGALURU,KARNATAKA,"560102.0",IN,"",FALSE,"",FALSE
55740.0,"408-2095618-8971504","05-26-22",Shipped,Amazon,Amazon.in,Expedited,JNE3797,JNE3797-KR-M,Western Dress,M,B09SDY8DCT,Shipped,"1",INR,771.0,BENGALURU,KARNATAKA,"560102.0",IN,IN Core Free Shipping 2015/04/08 23-48-5-108,FALSE,"",FALSE
55741.0,"403-4033214-0246711","05-26-22",Shipped,Amazon,Amazon.in,Expedited,JNE3487,JNE3487-KR-L,kurta,L,B08RP29G54,Shipped,"1",INR,345.0,HYDERABAD,TELANGANA,"502319.0",IN,IN Core Free Shipping 2015/04/08 23-48-5-108,FALSE,"",FALSE
55713.0,"402-5341283-3893104","05-26-22",Shipped - Delivered to Buyer,Merchant,Amazon.in,Standard,NW013,NW013-ST-SR-XXL,Set,XXL,B0928X21RD,Shipped,"1",INR,475.0,HYDERABAD,TELANGANA,"500081.0",IN,"Amazon PLCC Free-Financing Universal Merchant AAT-WNKTBO3K27EJC,Amazon PLCC Free-Financing Universal Merchant AAT-QX3UCCJESKPA2,Amazon PLCC Free-Financing Universal Merchant AAT-5QQ7BIYYQEDN2,Amazon PLCC Free-Financing Universal Merchant AAT-DSJ2QRXXWXVMQ,Amazon PLCC Free-Financing Universal Merchant AAT-CXJHMC2YJUK76,Amazon PLCC Free-Financing Universal Merchant AAT-SL3Y2YRMAUNFC,Amazon PLCC Free-Financing Universal Merchant AAT-CC4FAVTYR4X7C,Amazon PLCC Free-Financing Universal Merchant AAT-FYWJCQHU2XQ2U,Amazon PLCC Free-Financing Universal Merchant AAT-R7GXNZWISTRFA,Amazon PLCC Free-Financing Universal Merchant AAT-EOKPWFWYW7Y6I,Amazon PLCC Free-Financing Universal Merchant AAT-URPEBMPS7TSPE,Amazon PLCC Free-Financing Universal Merchant AAT-L2DLP5YGE5766,Amazon PLCC Free-Financing Universal Merchant AAT-5ZEB2OGNZ32MC,Amazon PLCC Free-Financing Universal Merchant AAT-ZE7TVXRI2VMF4,Amazon PLCC Free-Financing Universal Merchant AAT-BRSZZ45H6MHAO,Amazon PLCC Free-Financing Universal Merchant AAT-MKLXOOZWQL7GO,Amazon PLCC Free-Financing Universal Merchant AAT-CB7UNXEXGIJTC,Amazon PLCC Free-Financing Universal Merchant #MP-gzasho-1593152694811,Amazon PLCC Free-Financing Universal Merchant AAT-WLBA4GZ52EAH4",FALSE,Easy Ship,FALSE
55714.0,"405-2387696-2043560","05-26-22",Shipped,Amazon,Amazon.in,Expedited,J0097,J0097-KR-L,kurta,L,B08BJR2R7M,Shipped,"1",INR,568.0,BENGALURU,KARNATAKA,"560100.0",IN,"",FALSE,"",FALSE
55715.0,"408-0327508-3257159","05-26-22",Shipped,Amazon,Amazon.in,Expedited,JNE3797,JNE3797-KR-M,Western Dress,M,B09SDY8DCT,Shipped,"1",INR,771.0,HYDERABAD,TELANGANA,"500032.0",IN,IN Core Free Shipping 2015/04/08 23-48-5-108,FALSE,"",FALSE
55716.0,"408-0358104-7353971","05-26-22",Shipped - Delivered to Buyer,Merchant,Amazon.in,Standard,JNE3625,JNE3625-DR-XXXL,Western Dress,"3XL",B09TL1154N,Shipped,"1",INR,0.0,THANE,MAHARASHTRA,"400607.0",IN,"Amazon PLCC Free-Financing Universal Merchant AAT-5QQ7BIYYQEDN2,Amazon PLCC Free-Financing Universal Merchant AAT-DSJ2QRXXWXVMQ,Amazon PLCC Free-Financing Universal Merchant AAT-FYWJCQHU2XQ2U,Amazon PLCC Free-Financing Universal Merchant AAT-ZE7TVXRI2VMF4,Amazon PLCC Free-Financing Universal Merchant #MP-gzasho-1593152694811",FALSE,Easy Ship,FALSE
55717.0,"171-9189773-6556318","05-26-22",Shipped - Delivered to Buyer,Merchant,Amazon.in,Standard,JNE3786,JNE3786-KR-XXL,kurta,XXL,B09M71C67N,Shipped,"1",INR,349.0,MEERUt,UTTAR PRADESH,"250103.0",IN,"Amazon PLCC Free-Financing Universal Merchant AAT-WNKTBO3K27EJC,Amazon PLCC Free-Financing Universal Merchant AAT-QX3UCCJESKPA2,Amazon PLCC Free-Financing Universal Merchant AAT-5QQ7BIYYQEDN2,Amazon PLCC Free-Financing Universal Merchant AAT-DSJ2QRXXWXVMQ,Amazon PLCC Free-Financing Universal Merchant AAT-CXJHMC2YJUK76,Amazon PLCC Free-Financing Universal Merchant AAT-SL3Y2YRMAUNFC,Amazon PLCC Free-Financing Universal Merchant AAT-CC4FAVTYR4X7C,Amazon PLCC Free-Financing Universal Merchant AAT-FYWJCQHU2XQ2U,Amazon PLCC Free-Financing Universal Merchant AAT-EOKPWFWYW7Y6I,Amazon PLCC Free-Financing Universal Merchant AAT-ZE7TVXRI2VMF4,Amazon PLCC Free-Financing Universal Merchant AAT-BRSZZ45H6MHAO,Amazon PLCC Free-Financing Universal Merchant AAT-MKLXOOZWQL7GO,Amazon PLCC Free-Financing Universal Merchant AAT-CB7UNXEXGIJTC,Amazon PLCC Free-Financing Universal Merchant #MP-gzasho-1593152694811,Amazon PLCC Free-Financing Universal Merchant AAT-WLBA4GZ52EAH4",FALSE,Easy Ship,FALSE
55718.0,"404-9520569-2182711","05-26-22",Shipped,Amazon,Amazon.in,Expedited,JNE3363,JNE3363-KR-1032-XXL,kurta,XXL,B07T62PKNM,Shipped,"1",INR,399.0,HYDERABAD,TELANGANA,"500010.0",IN,IN Core Free Shipping 2015/04/08 23-48-5-108,FALSE,"",FALSE
55719.0,"404-2625045-0905958","05-26-22",Shipped,Amazon,Amazon.in,Expedited,JNE3294,JNE3294-KR-M,kurta,M,B07R52G8ZN,Shipped,"1",INR,449.0,BARABANKI,UTTAR PRADESH,"225412.0",IN,"",FALSE,"",FALSE
55720.0,"403-3552176-4932347","05-26-22",Shipped,Amazon,Amazon.in,Expedited,JNE3797,JNE3797-KR-XL,Western Dress,XL,B09SDXRYBG,Shipped,"1",INR,771.0,SURAT,Gujarat,"394210.0",IN,IN Core Free Shipping 2015/04/08 23-48-5-108,FALSE,"",FALSE
55721.0,"408-1992681-1997945","05-26-22",Cancelled,Amazon,Amazon.in,Expedited,JNE3461,JNE3461-KR-XS,kurta,XS,B08B3Z6T6W,Unshipped,"1",INR,399.0,CHENNAI,TAMIL NADU,"600081.0",IN,"",TRUE,"",FALSE
55722.0,"402-7867355-3141129","05-26-22",Shipped,Amazon,Amazon.in,Expedited,SET307,SET307-KR-DPT-XXL,Set,XXL,B09SDYHTPZ,Shipped,"1",INR,736.0,SIVAGANGA,TAMIL NADU,"630562.0",IN,IN Core Free Shipping 2015/04/08 23-48-5-108,FALSE,"",FALSE
55723.0,"405-0367818-5396307","05-26-22",Cancelled,Amazon,Amazon.in,Expedited,JNE3373,JNE3373-KR-M,kurta,M,B082W8F8P3,Unshipped,"1",INR,382.0,NEW DELHI,DELHI,"110041.0",IN,"",FALSE,"",FALSE
55724.0,"405-0367818-5396307","05-26-22",Cancelled,Amazon,Amazon.in,Expedited,JNE3618,JNE3618-KR-M,kurta,M,B091Q9Q34N,Unshipped,"1",INR,399.0,NEW DELHI,DELHI,"110041.0",IN,"",FALSE,"",FALSE
55725.0,"405-9233859-2979530","05-26-22",Shipped,Amazon,Amazon.in,Expedited,JNE3618,JNE3618-KR-M,kurta,M,B091Q9Q34N,Shipped,"1",INR,399.0,PUNE,MAHARASHTRA,"411028.0",IN,"",FALSE,"",FALSE
55726.0,"402-2076896-4206703","05-26-22",Shipped - Delivered to Buyer,Merchant,Amazon.in,Standard,SET145,SET145-KR-NP-L,Set,L,B0822SX9WB,Shipped,"1",INR,788.0,BAREILLY,UTTAR PRADESH,"243122.0",IN,"Amazon PLCC Free-Financing Universal Merchant AAT-WNKTBO3K27EJC,Amazon PLCC Free-Financing Universal Merchant AAT-QX3UCCJESKPA2,Amazon PLCC Free-Financing Universal Merchant AAT-5QQ7BIYYQEDN2,Amazon PLCC Free-Financing Universal Merchant AAT-DSJ2QRXXWXVMQ,Amazon PLCC Free-Financing Universal Merchant AAT-CXJHMC2YJUK76,Amazon PLCC Free-Financing Universal Merchant AAT-CC4FAVTYR4X7C,Amazon PLCC Free-Financing Universal Merchant AAT-FYWJCQHU2XQ2U,Amazon PLCC Free-Financing Universal Merchant AAT-EOKPWFWYW7Y6I,Amazon PLCC Free-Financing Universal Merchant AAT-URPEBMPS7TSPE,Amazon PLCC Free-Financing Universal Merchant AAT-ZE7TVXRI2VMF4,Amazon PLCC Free-Financing Universal Merchant AAT-BRSZZ45H6MHAO,Amazon PLCC Free-Financing Universal Merchant AAT-MKLXOOZWQL7GO,Amazon PLCC Free-Financing Universal Merchant AAT-CB7UNXEXGIJTC,Amazon PLCC Free-Financing Universal Merchant #MP-gzasho-1593152694811,Amazon PLCC Free-Financing Universal Merchant AAT-WLBA4GZ52EAH4",FALSE,Easy Ship,FALSE
55727.0,"171-9933718-8905951","05-26-22",Shipped - Delivered to Buyer,Merchant,Amazon.in,Standard,J0139,J0139-KR-L,kurta,L,B091YNCY8B,Shipped,"1",INR,399.0,PUNE,MAHARASHTRA,"411036.0",IN,"Amazon PLCC Free-Financing Universal Merchant AAT-WNKTBO3K27EJC,Amazon PLCC Free-Financing Universal Merchant AAT-QX3UCCJESKPA2,Amazon PLCC Free-Financing Universal Merchant AAT-5QQ7BIYYQEDN2,Amazon PLCC Free-Financing Universal Merchant AAT-DSJ2QRXXWXVMQ,Amazon PLCC Free-Financing Universal Merchant AAT-CXJHMC2YJUK76,Amazon PLCC Free-Financing Universal Merchant AAT-CC4FAVTYR4X7C,Amazon PLCC Free-Financing Universal Merchant AAT-FYWJCQHU2XQ2U,Amazon PLCC Free-Financing Universal Merchant AAT-EOKPWFWYW7Y6I,Amazon PLCC Free-Financing Universal Merchant AAT-ZE7TVXRI2VMF4,Amazon PLCC Free-Financing Universal Merchant AAT-BRSZZ45H6MHAO,Amazon PLCC Free-Financing Universal Merchant AAT-MKLXOOZWQL7GO,Amazon PLCC Free-Financing Universal Merchant AAT-CB7UNXEXGIJTC,Amazon PLCC Free-Financing Universal Merchant #MP-gzasho-1593152694811,Amazon PLCC Free-Financing Universal Merchant AAT-WLBA4GZ52EAH4",FALSE,Easy Ship,FALSE
55728.0,"408-3602365-0141916","05-26-22",Shipped,Amazon,Amazon.in,Expedited,J0230,J0230-SKD-L,Set,L,B08XNDL1DL,Shipped,"1",INR,1349.0,NOIDA,UTTAR PRADESH,"201301.0",IN,IN Core Free Shipping 2015/04/08 23-48-5-108,FALSE,"",FALSE
55744.0,"402-5716886-9516361","05-26-22",Shipped - Delivered to Buyer,Merchant,Amazon.in,Standard,SET380,SET380-KR-NP-M,Set,M,B09QJ3WXB4,Shipped,"1",INR,1186.0,NAVI MUMBAI,MAHARASHTRA,"410206.0",IN,"Amazon PLCC Free-Financing Universal Merchant AAT-WNKTBO3K27EJC,Amazon PLCC Free-Financing Universal Merchant AAT-QX3UCCJESKPA2,Amazon PLCC Free-Financing Universal Merchant AAT-5QQ7BIYYQEDN2,Amazon PLCC Free-Financing Universal Merchant AAT-DSJ2QRXXWXVMQ,Amazon PLCC Free-Financing Universal Merchant AAT-CXJHMC2YJUK76,Amazon PLCC Free-Financing Universal Merchant AAT-CC4FAVTYR4X7C,Amazon PLCC Free-Financing Universal Merchant AAT-FYWJCQHU2XQ2U,Amazon PLCC Free-Financing Universal Merchant AAT-EOKPWFWYW7Y6I,Amazon PLCC Free-Financing Universal Merchant AAT-URPEBMPS7TSPE,Amazon PLCC Free-Financing Universal Merchant AAT-ZE7TVXRI2VMF4,Amazon PLCC Free-Financing Universal Merchant AAT-BRSZZ45H6MHAO,Amazon PLCC Free-Financing Universal Merchant AAT-MKLXOOZWQL7GO,Amazon PLCC Free-Financing Universal Merchant AAT-CB7UNXEXGIJTC,Amazon PLCC Free-Financing Universal Merchant #MP-gzasho-1593152694811,Amazon PLCC Free-Financing Universal Merchant AAT-WLBA4GZ52EAH4",FALSE,Easy Ship,FALSE
55745.0,"408-0995725-0465102","05-26-22",Shipped,Amazon,Amazon.in,Expedited,PJNE3399,PJNE3399-KR-N-6XL,kurta,"6XL",B09LD4YF4X,Shipped,"1",INR,798.0,NEW DELHI,DELHI,"110032.0",IN,"",FALSE,"",FALSE
55746.0,"404-3260578-8614717","05-26-22",Cancelled,Amazon,Amazon.in,Expedited,SET357,SET357-KR-NP-M,Set,M,B09Y3MWCDM,Cancelled,"0","",,GUWAHATI,ASSAM,"781012.0",IN,"",FALSE,"",FALSE
55747.0,"402-3773956-2460315","05-26-22",Shipped,Amazon,Amazon.in,Expedited,NW005,NW005-ST-PJ-XL,Set,XL,B0922WJ27J,Shipped,"1",INR,579.0,HARIDWAR,UTTARAKHAND,"249408.0",IN,IN Core Free Shipping 2015/04/08 23-48-5-108,FALSE,"",FALSE
55748.0,"407-4109252-5369107","05-26-22",Shipped,Amazon,Amazon.in,Expedited,JNE3838,JNE3838-KR-XS,kurta,XS,B09TH6LGG8,Shipped,"1",INR,399.0,chennai,TAMIL NADU,"600045.0",IN,IN Core Free Shipping 2015/04/08 23-48-5-108,FALSE,"",FALSE
55749.0,"405-7085955-4441952","05-26-22",Shipped,Amazon,Amazon.in,Expedited,J0243,J0243-DR-XL,Ethnic Dress,XL,B0926861CR,Shipped,"1",INR,999.0,HYDERABAD,TELANGANA,"500062.0",IN,"",FALSE,"",FALSE
55750.0,"406-9492019-6589934","05-26-22",Shipped,Amazon,Amazon.in,Expedited,JNE3895,JNE3895-TP-XXL,Top,XXL,B09VC2GJCS,Shipped,"1",INR,648.0,NASHIK,MAHARASHTRA,"422009.0",IN,"",FALSE,"",FALSE
55751.0,"406-9492019-6589934","05-26-22",Shipped,Amazon,Amazon.in,Expedited,JNE3640,JNE3640-TP-N-XXL,Top,XXL,B08ZHWQWSX,Shipped,"1",INR,518.0,NASHIK,MAHARASHTRA,"422009.0",IN,"",FALSE,"",FALSE
55752.0,"406-1619496-8051549","05-26-22",Shipped,Amazon,Amazon.in,Expedited,J0301,J0301-TP-XXL,Top,XXL,B099S8X47K,Shipped,"1",INR,518.0,NASHIK,MAHARASHTRA,"422009.0",IN,"",FALSE,"",FALSE
55753.0,"171-9079921-2327538","05-26-22",Shipped,Amazon,Amazon.in,Expedited,JNE3634,JNE3634-KR-XL,kurta,XL,B097ZZLC2X,Shipped,"1",INR,544.0,VALSAD,Gujarat,"396001.0",IN,IN Core Free Shipping 2015/04/08 23-48-5-108,FALSE,"",FALSE
55754.0,"403-8627222-1791568","05-26-22",Shipped - Delivered to Buyer,Merchant,Amazon.in,Standard,JNE3468,JNE3468-KR-S,kurta,S,B08RP3YXBX,Shipped,"1",INR,399.0,PUNE,MAHARASHTRA,"411006.0",IN,"Amazon PLCC Free-Financing Universal Merchant AAT-WNKTBO3K27EJC,Amazon PLCC Free-Financing Universal Merchant AAT-QX3UCCJESKPA2,Amazon PLCC Free-Financing Universal Merchant AAT-5QQ7BIYYQEDN2,Amazon PLCC Free-Financing Universal Merchant AAT-DSJ2QRXXWXVMQ,Amazon PLCC Free-Financing Universal Merchant AAT-CXJHMC2YJUK76,Amazon PLCC Free-Financing Universal Merchant AAT-CC4FAVTYR4X7C,Amazon PLCC Free-Financing Universal Merchant AAT-FYWJCQHU2XQ2U,Amazon PLCC Free-Financing Universal Merchant AAT-R7GXNZWISTRFA,Amazon PLCC Free-Financing Universal Merchant AAT-WSJLDN3X7KEMO,Amazon PLCC Free-Financing Universal Merchant AAT-VL6FGQVGQVXUS,Amazon PLCC Free-Financing Universal Merchant AAT-EOKPWFWYW7Y6I,Amazon PLCC Free-Financing Universal Merchant AAT-L2DLP5YGE5766,Amazon PLCC Free-Financing Universal Merchant AAT-ZE7TVXRI2VMF4,Amazon PLCC Free-Financing Universal Merchant AAT-5VXFLMD6EKIFC,Amazon PLCC Free-Financing Universal Merchant AAT-BRSZZ45H6MHAO,Amazon PLCC Free-Financing Universal Merchant AAT-MKLXOOZWQL7GO,Amazon PLCC Free-Financing Universal Merchant AAT-CB7UNXEXGIJTC,Amazon PLCC Free-Financing Universal Merchant #MP-gzasho-1593152694811,Amazon PLCC Free-Financing Universal Merchant AAT-WLBA4GZ52EAH4",FALSE,Easy Ship,FALSE
55755.0,"408-7410005-5780348","05-26-22",Shipped,Amazon,Amazon.in,Expedited,JNE3801,JNE3801-KR-L,kurta,L,B09SDY51NS,Shipped,"1",INR,771.0,TIRUPATHUR VELLORE DISTRICT,TAMIL NADU,"635601.0",IN,IN Core Free Shipping 2015/04/08 23-48-5-108,FALSE,"",FALSE
55756.0,"408-0105046-8101124","05-26-22",Cancelled,Merchant,Amazon.in,Standard,J0401,J0401-DR-S,Western Dress,S,B09SDYGHX3,"","0","",,VADODARA,Gujarat,"390009.0",IN,"",FALSE,Easy Ship,FALSE
55757.0,"402-5250692-9121139","05-26-22",Shipped,Amazon,Amazon.in,Expedited,JNE3797,JNE3797-KR-XL,Western Dress,XL,B09SDXRYBG,Shipped,"1",INR,771.0,CHENNAI,TAMIL NADU,"600100.0",IN,IN Core Free Shipping 2015/04/08 23-48-5-108,FALSE,"",FALSE
55758.0,"403-8831293-7652341","05-26-22",Shipped,Amazon,Amazon.in,Expedited,SET331,SET331-KR-NP-XL,Set,XL,B09NQ51CH7,Shipped,"1",INR,641.0,HYDERABAD,TELANGANA,"500049.0",IN,"",FALSE,"",FALSE
55759.0,"405-6702289-0337162","05-26-22",Cancelled,Amazon,Amazon.in,Expedited,SET265,SET265-KR-NP-XXXL,Set,"3XL",B0983F9JL2,Unshipped,"1",INR,889.0,BENGALURU,KARNATAKA,"560064.0",IN,"",FALSE,"",FALSE
55760.0,"406-0640499-0420300","05-26-22",Shipped,Amazon,Amazon.in,Expedited,J0147,J0147-SET-XXXL,Set,"3XL",B091Z7PFTG,Shipped,"1",INR,583.0,Faridabad,HARYANA,"121009.0",IN,"",FALSE,"",FALSE
55761.0,"402-6002478-4114732","05-26-22",Cancelled,Amazon,Amazon.in,Expedited,SET183,SET183-KR-DH-XS,Set,XS,B08B3XN2LC,Unshipped,"1",INR,759.0,Virar West,MAHARASHTRA,"401303.0",IN,"",FALSE,"",FALSE
55762.0,"408-9194238-6276309","05-26-22",Shipped,Amazon,Amazon.in,Expedited,JNE2014,JNE2014-KR-178-L,kurta,L,B0783Q5HMF,Shipped,"1",INR,359.0,BADLAPUR,MAHARASHTRA,"421503.0",IN,IN Core Free Shipping 2015/04/08 23-48-5-108,FALSE,"",FALSE
55763.0,"408-9194238-6276309","05-26-22",Shipped,Amazon,Amazon.in,Expedited,JNE2014,JNE2014-KR-178-M,kurta,M,B077M6KWYJ,Shipped,"1",INR,359.0,BADLAPUR,MAHARASHTRA,"421503.0",IN,IN Core Free Shipping 2015/04/08 23-48-5-108,FALSE,"",FALSE
55764.0,"407-6013846-5365131","05-26-22",Shipped,Amazon,Amazon.in,Expedited,JNE3797,JNE3797-KR-M,Western Dress,M,B09SDY8DCT,Shipped,"1",INR,771.0,terdal,KARNATAKA,"587315.0",IN,IN Core Free Shipping 2015/04/08 23-48-5-108,FALSE,"",FALSE
